id,new_house_transaction_amount
2024 Aug_sector 1,9098.75608152011
2024 Aug_sector 2,2000.5303467031802
2024 Aug_sector 3,9207.008251747427
2024 Aug_sector 4,81730.86867985938
2024 Aug_sector 5,1406.3709378614533
2024 Aug_sector 6,12313.088989993426
2024 Aug_sector 7,10463.76071848025
2024 Aug_sector 8,4360.267118929906
2024 Aug_sector 9,12667.39767237009
2024 Aug_sector 10,41840.637606910204
2024 Aug_sector 11,3479.3220405362413
2024 Aug_sector 12,54.942316549585996
2024 Aug_sector 13,2449.865981834363
2024 Aug_sector 14,22213.791803980293
2024 Aug_sector 15,87784.69554934294
2024 Aug_sector 16,75306.95184968683
2024 Aug_sector 17,234.19072250673014
2024 Aug_sector 18,24007.46015916568
2024 Aug_sector 19,4699.325595623427
2024 Aug_sector 20,7820.250568358476
2024 Aug_sector 21,22216.030973635963
2024 Aug_sector 22,22264.73778140689
2024 Aug_sector 23,19019.250234607025
2024 Aug_sector 24,72628.46100178338
2024 Aug_sector 25,23770.89285859625
2024 Aug_sector 26,8068.64749957401
2024 Aug_sector 27,1218.1265004834038
2024 Aug_sector 28,46308.78188145122
2024 Aug_sector 29,23690.18150158164
2024 Aug_sector 30,50619.273035400736
2024 Aug_sector 31,6530.287808199995
2024 Aug_sector 32,32489.05707665537
2024 Aug_sector 33,4193.131601622657
2024 Aug_sector 34,83830.08828494525
2024 Aug_sector 35,11979.478023651338
2024 Aug_sector 36,153866.49408465522
2024 Aug_sector 37,1395.8416076376777
2024 Aug_sector 38,45146.13490048201
2024 Aug_sector 39,1792.6140737360583
2024 Aug_sector 40,6523.672035419517
2024 Aug_sector 41,167.38381804280658
2024 Aug_sector 42,155.54159206739044
2024 Aug_sector 43,10812.502630382516
2024 Aug_sector 44,15691.497541761917
2024 Aug_sector 45,229027.43629887313
2024 Aug_sector 46,4192.4608242779805
2024 Aug_sector 47,30485.198839444336
2024 Aug_sector 48,25759.006812471853
2024 Aug_sector 49,31.372591620105993
2024 Aug_sector 50,16693.69925493421
2024 Aug_sector 51,9784.332390516603
2024 Aug_sector 52,1311.2971329157706
2024 Aug_sector 53,98.32898195499598
2024 Aug_sector 54,49207.48240881343
2024 Aug_sector 55,109309.32330803065
2024 Aug_sector 56,2200.392788856071
2024 Aug_sector 57,27010.71433261525
2024 Aug_sector 58,0.0
2024 Aug_sector 59,32720.18027430545
2024 Aug_sector 60,7530.995605791148
2024 Aug_sector 61,99373.95230646188
2024 Aug_sector 62,8074.214270048408
2024 Aug_sector 63,7527.648533931934
2024 Aug_sector 64,15214.787084038153
2024 Aug_sector 65,9626.958679356048
2024 Aug_sector 66,51700.89712270759
2024 Aug_sector 67,1148.1365068293437
2024 Aug_sector 68,15404.250043468497
2024 Aug_sector 69,1778.7329255869513
2024 Aug_sector 70,585.9900441175084
2024 Aug_sector 71,8421.617547917394
2024 Aug_sector 72,0.0
2024 Aug_sector 73,15.944058587278676
2024 Aug_sector 74,10881.85652948276
2024 Aug_sector 75,256.767302677519
2024 Aug_sector 76,25658.908140447245
2024 Aug_sector 77,72610.2049542255
2024 Aug_sector 78,24801.64495843035
2024 Aug_sector 79,25359.63824820693
2024 Aug_sector 80,14004.066104113746
2024 Aug_sector 81,6401.918645720538
2024 Aug_sector 82,51.125886132453616
2024 Aug_sector 83,68477.46882306326
2024 Aug_sector 84,3284.167452584395
2024 Aug_sector 85,136355.86026384163
2024 Aug_sector 86,54072.95273547258
2024 Aug_sector 87,89.24055436229352
2024 Aug_sector 88,3595.468257351817
2024 Aug_sector 89,2610.9744819477705
2024 Aug_sector 90,7480.247259425464
2024 Aug_sector 91,32355.795328478274
2024 Aug_sector 92,30573.87969332908
2024 Aug_sector 93,22091.747322226078
2024 Aug_sector 94,13243.090137946701
2024 Aug_sector 95,0.0
2024 Aug_sector 96,405.6182351831847
2024 Sep_sector 1,9190.87998129097
2024 Sep_sector 2,1998.908244795367
2024 Sep_sector 3,9202.03299328025
2024 Sep_sector 4,81692.9747067978
2024 Sep_sector 5,1397.118865351947
2024 Sep_sector 6,12337.989122492996
2024 Sep_sector 7,10468.99996785102
2024 Sep_sector 8,4353.6850128467795
2024 Sep_sector 9,12704.739799738989
2024 Sep_sector 10,41960.47853281015
2024 Sep_sector 11,3489.6152418526613
2024 Sep_sector 12,50.448297017372454
2024 Sep_sector 13,2487.3334540263772
2024 Sep_sector 14,22211.42469138596
2024 Sep_sector 15,88437.7898609804
2024 Sep_sector 16,75342.0041826948
2024 Sep_sector 17,233.4526362603949
2024 Sep_sector 18,24043.08883497198
2024 Sep_sector 19,4688.79719641019
2024 Sep_sector 20,7843.149564672295
2024 Sep_sector 21,22143.133911096145
2024 Sep_sector 22,22148.768830212237
2024 Sep_sector 23,18989.000592039487
2024 Sep_sector 24,72956.53691724436
2024 Sep_sector 25,23574.9894449023
2024 Sep_sector 26,8077.163725058251
2024 Sep_sector 27,1215.2619028047002
2024 Sep_sector 28,46491.45974920139
2024 Sep_sector 29,23649.820547690717
2024 Sep_sector 30,50809.32263907818
2024 Sep_sector 31,6559.0071852905185
2024 Sep_sector 32,32709.043405077085
2024 Sep_sector 33,4183.936968682579
2024 Sep_sector 34,83855.16365680918
2024 Sep_sector 35,11989.79142617226
2024 Sep_sector 36,153905.52629833814
2024 Sep_sector 37,1389.1743157524331
2024 Sep_sector 38,45212.664117536544
2024 Sep_sector 39,1798.4282055771214
2024 Sep_sector 40,6540.972134042139
2024 Sep_sector 41,163.45515842514877
2024 Sep_sector 42,149.5202519502053
2024 Sep_sector 43,10847.063319618263
2024 Sep_sector 44,15650.857178440048
2024 Sep_sector 45,235732.3247033676
2024 Sep_sector 46,4204.903871851849
2024 Sep_sector 47,30433.474586326905
2024 Sep_sector 48,25916.3353326158
2024 Sep_sector 49,29.055662590268298
2024 Sep_sector 50,16661.53171487899
2024 Sep_sector 51,9787.77348929867
2024 Sep_sector 52,1310.0337849288765
2024 Sep_sector 53,92.61526906570893
2024 Sep_sector 54,49148.481827867094
2024 Sep_sector 55,109951.89546939051
2024 Sep_sector 56,2175.4156606636157
2024 Sep_sector 57,26839.63065422636
2024 Sep_sector 58,0.0
2024 Sep_sector 59,32534.42321980776
2024 Sep_sector 60,7555.6689006690785
2024 Sep_sector 61,99126.44089996487
2024 Sep_sector 62,8110.630549442289
2024 Sep_sector 63,7553.500800311176
2024 Sep_sector 64,15233.110872614227
2024 Sep_sector 65,9669.356462386639
2024 Sep_sector 66,51700.9171596766
2024 Sep_sector 67,1152.8575831352318
2024 Sep_sector 68,15374.82986722558
2024 Sep_sector 69,1777.849627971506
2024 Sep_sector 70,578.664874451908
2024 Sep_sector 71,8482.652037347321
2024 Sep_sector 72,0.0
2024 Sep_sector 73,15.024146288672966
2024 Sep_sector 74,10856.791051444108
2024 Sep_sector 75,247.34957420639438
2024 Sep_sector 76,25780.2093943835
2024 Sep_sector 77,72899.04282890298
2024 Sep_sector 78,24919.44142507947
2024 Sep_sector 79,25317.9415809388
2024 Sep_sector 80,14147.491327800035
2024 Sep_sector 81,6390.988656297316
2024 Sep_sector 82,48.5954753978084
2024 Sep_sector 83,68531.34575801123
2024 Sep_sector 84,3303.0741554349597
2024 Sep_sector 85,136248.28333109562
2024 Sep_sector 86,54262.11835391205
2024 Sep_sector 87,88.9793717020649
2024 Sep_sector 88,3596.887531967617
2024 Sep_sector 89,2611.0220217614674
2024 Sep_sector 90,7564.721960942152
2024 Sep_sector 91,32698.295390729872
2024 Sep_sector 92,30462.685041261124
2024 Sep_sector 93,22197.352970428114
2024 Sep_sector 94,13316.876211789651
2024 Sep_sector 95,0.0
2024 Sep_sector 96,407.6042387710746
2024 Oct_sector 1,9169.607461938616
2024 Oct_sector 2,1991.5747999375608
2024 Oct_sector 3,9176.856530310839
2024 Oct_sector 4,81492.74677501233
2024 Oct_sector 5,1395.8106122779366
2024 Oct_sector 6,12395.883906644865
2024 Oct_sector 7,10511.991617616373
2024 Oct_sector 8,4357.06234397126
2024 Oct_sector 9,12581.68825756825
2024 Oct_sector 10,41879.72101122691
2024 Oct_sector 11,3477.4045447415992
2024 Oct_sector 12,49.29305894041616
2024 Oct_sector 13,2473.376691359905
2024 Oct_sector 14,22176.132049333046
2024 Oct_sector 15,87742.84952099161
2024 Oct_sector 16,75066.03390342626
2024 Oct_sector 17,233.08702493381998
2024 Oct_sector 18,24141.22539204432
2024 Oct_sector 19,4683.720688532494
2024 Oct_sector 20,7829.674223481792
2024 Oct_sector 21,22165.892229142468
2024 Oct_sector 22,22070.6340577822
2024 Oct_sector 23,18991.64921947385
2024 Oct_sector 24,72924.84252347291
2024 Oct_sector 25,23717.638747625297
2024 Oct_sector 26,8075.720513334885
2024 Oct_sector 27,1217.2444989605053
2024 Oct_sector 28,46581.93445184325
2024 Oct_sector 29,23649.760753393744
2024 Oct_sector 30,50561.99815456982
2024 Oct_sector 31,6581.958266637633
2024 Oct_sector 32,32643.72252438962
2024 Oct_sector 33,4213.6216226051
2024 Oct_sector 34,83806.07772967734
2024 Oct_sector 35,11959.95359611096
2024 Oct_sector 36,154235.2222043674
2024 Oct_sector 37,1384.579229350707
2024 Oct_sector 38,44964.01560227527
2024 Oct_sector 39,1798.8683302445784
2024 Oct_sector 40,6538.39814164266
2024 Oct_sector 41,163.41973335228278
2024 Oct_sector 42,148.78052283482924
2024 Oct_sector 43,10833.493543881412
2024 Oct_sector 44,15635.288700397507
2024 Oct_sector 45,228881.5214533425
2024 Oct_sector 46,4213.238529883576
2024 Oct_sector 47,30610.521429169083
2024 Oct_sector 48,25964.838260390174
2024 Oct_sector 49,28.49871786743651
2024 Oct_sector 50,16655.40085015908
2024 Oct_sector 51,9787.81397086019
2024 Oct_sector 52,1314.4640125675337
2024 Oct_sector 53,91.84750469438586
2024 Oct_sector 54,49003.49323793496
2024 Oct_sector 55,109860.74430639687
2024 Oct_sector 56,2194.106478352813
2024 Oct_sector 57,27016.54509399324
2024 Oct_sector 58,0.0
2024 Oct_sector 59,32696.74995604397
2024 Oct_sector 60,7577.5412863733745
2024 Oct_sector 61,98629.86373201171
2024 Oct_sector 62,8121.196101937479
2024 Oct_sector 63,7492.5443533482185
2024 Oct_sector 64,15194.288130921546
2024 Oct_sector 65,9694.589549678487
2024 Oct_sector 66,51640.985862995134
2024 Oct_sector 67,1149.4770028837
2024 Oct_sector 68,15389.077393476311
2024 Oct_sector 69,1772.5471343301924
2024 Oct_sector 70,580.3883232282703
2024 Oct_sector 71,8503.456436481065
2024 Oct_sector 72,0.0
2024 Oct_sector 73,12.696918903829214
2024 Oct_sector 74,10905.952100386843
2024 Oct_sector 75,249.54187955291326
2024 Oct_sector 76,25696.05612333983
2024 Oct_sector 77,72466.66557563392
2024 Oct_sector 78,24866.07381614518
2024 Oct_sector 79,25447.68547802895
2024 Oct_sector 80,14053.073897765185
2024 Oct_sector 81,6402.934218786816
2024 Oct_sector 82,47.65718730474586
2024 Oct_sector 83,68694.9614771275
2024 Oct_sector 84,3282.157712735459
2024 Oct_sector 85,136270.8352561128
2024 Oct_sector 86,54445.606216946355
2024 Oct_sector 87,87.88268365231426
2024 Oct_sector 88,3598.878038233619
2024 Oct_sector 89,2614.0559324094097
2024 Oct_sector 90,7522.819387420904
2024 Oct_sector 91,32833.8105042195
2024 Oct_sector 92,30422.978314330467
2024 Oct_sector 93,22305.080962042914
2024 Oct_sector 94,13322.274150140367
2024 Oct_sector 95,0.0
2024 Oct_sector 96,407.5370819869197
2024 Nov_sector 1,9146.6390149601
2024 Nov_sector 2,1987.4913151245537
2024 Nov_sector 3,9174.327808080487
2024 Nov_sector 4,81495.20458624995
2024 Nov_sector 5,1395.5663298723782
2024 Nov_sector 6,12344.79051523912
2024 Nov_sector 7,10478.730778637972
2024 Nov_sector 8,4353.479751674706
2024 Nov_sector 9,12559.350672301418
2024 Nov_sector 10,41879.48792466963
2024 Nov_sector 11,3484.0250210467093
2024 Nov_sector 12,45.80595080098601
2024 Nov_sector 13,2480.8392901659518
2024 Nov_sector 14,22153.16457590655
2024 Nov_sector 15,88260.3864487789
2024 Nov_sector 16,75141.6015774735
2024 Nov_sector 17,231.25795195036113
2024 Nov_sector 18,24141.889920453355
2024 Nov_sector 19,4691.985737594491
2024 Nov_sector 20,7828.63941683258
2024 Nov_sector 21,22146.271827575187
2024 Nov_sector 22,22063.461492396393
2024 Nov_sector 23,19013.792252640873
2024 Nov_sector 24,72825.89515586944
2024 Nov_sector 25,23740.67744865459
2024 Nov_sector 26,8079.4497835161155
2024 Nov_sector 27,1208.6246267967167
2024 Nov_sector 28,46527.54850749164
2024 Nov_sector 29,23617.778188223125
2024 Nov_sector 30,50470.22002407259
2024 Nov_sector 31,6556.131957692065
2024 Nov_sector 32,32687.342115210588
2024 Nov_sector 33,4202.016961629105
2024 Nov_sector 34,83895.16609423673
2024 Nov_sector 35,11944.134915198198
2024 Nov_sector 36,154154.37511599794
2024 Nov_sector 37,1378.9722573138238
2024 Nov_sector 38,45003.912330155676
2024 Nov_sector 39,1797.6397867425496
2024 Nov_sector 40,6531.972290659418
2024 Nov_sector 41,162.07381598433594
2024 Nov_sector 42,147.24941761777833
2024 Nov_sector 43,10860.472209952657
2024 Nov_sector 44,15605.673813749749
2024 Nov_sector 45,229310.27043652238
2024 Nov_sector 46,4193.798235440775
2024 Nov_sector 47,30567.843421460555
2024 Nov_sector 48,25957.870140929448
2024 Nov_sector 49,24.94578848411993
2024 Nov_sector 50,16687.16452442929
2024 Nov_sector 51,9811.596465635976
2024 Nov_sector 52,1311.2300735896476
2024 Nov_sector 53,88.38584581333839
2024 Nov_sector 54,49020.686732610935
2024 Nov_sector 55,109690.2369708063
2024 Nov_sector 56,2201.0579623461526
2024 Nov_sector 57,27052.056943556636
2024 Nov_sector 58,0.0
2024 Nov_sector 59,32653.941492364196
2024 Nov_sector 60,7592.336922413732
2024 Nov_sector 61,98883.50575391017
2024 Nov_sector 62,8090.042029539455
2024 Nov_sector 63,7484.448860643467
2024 Nov_sector 64,15192.773849900414
2024 Nov_sector 65,9674.029670407852
2024 Nov_sector 66,51736.77226548105
2024 Nov_sector 67,1148.1912632002493
2024 Nov_sector 68,15336.777771112576
2024 Nov_sector 69,1779.990748871767
2024 Nov_sector 70,588.6807534409479
2024 Nov_sector 71,8474.371162134476
2024 Nov_sector 72,0.0
2024 Nov_sector 73,7.31266210423297
2024 Nov_sector 74,10900.768501786486
2024 Nov_sector 75,248.74790533568859
2024 Nov_sector 76,25758.319235424304
2024 Nov_sector 77,72709.20131604024
2024 Nov_sector 78,24920.74127533681
2024 Nov_sector 79,25275.49779164461
2024 Nov_sector 80,14037.00404043018
2024 Nov_sector 81,6371.81422070964
2024 Nov_sector 82,43.6914262279156
2024 Nov_sector 83,68569.33099564463
2024 Nov_sector 84,3271.835706551353
2024 Nov_sector 85,136330.22638972587
2024 Nov_sector 86,54313.29327436937
2024 Nov_sector 87,84.13610868668331
2024 Nov_sector 88,3596.4515389658072
2024 Nov_sector 89,2619.3144094326585
2024 Nov_sector 90,7529.141226642589
2024 Nov_sector 91,32771.85811353579
2024 Nov_sector 92,30426.246120852225
2024 Nov_sector 93,22266.63011722348
2024 Nov_sector 94,13327.61075471356
2024 Nov_sector 95,0.0
2024 Nov_sector 96,404.52134035645844
2024 Dec_sector 1,9142.126193704418
2024 Dec_sector 2,1987.4115630110857
2024 Dec_sector 3,9203.201006390833
2024 Dec_sector 4,81521.1055302304
2024 Dec_sector 5,1401.2446512060646
2024 Dec_sector 6,12364.094670703565
2024 Dec_sector 7,10528.39710108127
2024 Dec_sector 8,4350.439427855634
2024 Dec_sector 9,12608.801839747366
2024 Dec_sector 10,41916.756062084685
2024 Dec_sector 11,3485.284146354528
2024 Dec_sector 12,44.65740589419613
2024 Dec_sector 13,2476.905975752678
2024 Dec_sector 14,22167.824888215546
2024 Dec_sector 15,88068.09491309474
2024 Dec_sector 16,75201.50674655536
2024 Dec_sector 17,231.01899365743503
2024 Dec_sector 18,24199.649380873863
2024 Dec_sector 19,4699.918805416234
2024 Dec_sector 20,7831.268086450447
2024 Dec_sector 21,22253.956982900923
2024 Dec_sector 22,22240.220163839404
2024 Dec_sector 23,19020.85301784893
2024 Dec_sector 24,72963.56766064471
2024 Dec_sector 25,23748.326239285267
2024 Dec_sector 26,8083.646358668963
2024 Dec_sector 27,1215.1681924919146
2024 Dec_sector 28,46631.66462109664
2024 Dec_sector 29,23859.33064108501
2024 Dec_sector 30,50600.00286324371
2024 Dec_sector 31,6554.003365343659
2024 Dec_sector 32,32748.528478756292
2024 Dec_sector 33,4206.077239498565
2024 Dec_sector 34,84125.46623280286
2024 Dec_sector 35,11984.136786697221
2024 Dec_sector 36,154399.5511294939
2024 Dec_sector 37,1379.4465779961308
2024 Dec_sector 38,45070.753083857955
2024 Dec_sector 39,1803.1462761439643
2024 Dec_sector 40,6555.283586255488
2024 Dec_sector 41,159.73463216369493
2024 Dec_sector 42,144.6475572916068
2024 Dec_sector 43,10891.13869109159
2024 Dec_sector 44,15620.596011553253
2024 Dec_sector 45,230841.96819054728
2024 Dec_sector 46,4213.688469223792
2024 Dec_sector 47,30666.577739475757
2024 Dec_sector 48,25992.538894439884
2024 Dec_sector 49,23.280698169737946
2024 Dec_sector 50,16727.960814380065
2024 Dec_sector 51,9844.376528219454
2024 Dec_sector 52,1311.1079719631268
2024 Dec_sector 53,86.62160530999137
2024 Dec_sector 54,48996.85474498695
2024 Dec_sector 55,109842.50496752844
2024 Dec_sector 56,2199.558284605383
2024 Dec_sector 57,27121.495134059493
2024 Dec_sector 58,0.0
2024 Dec_sector 59,32810.278936547504
2024 Dec_sector 60,7592.122820120924
2024 Dec_sector 61,99326.71003754543
2024 Dec_sector 62,8117.441270085157
2024 Dec_sector 63,7495.613634409556
2024 Dec_sector 64,15199.53086687692
2024 Dec_sector 65,9699.43410285596
2024 Dec_sector 66,51689.99560375062
2024 Dec_sector 67,1151.9729834967834
2024 Dec_sector 68,15377.43971088401
2024 Dec_sector 69,1783.1115490378697
2024 Dec_sector 70,586.4297977725004
2024 Dec_sector 71,8500.435662854994
2024 Dec_sector 72,0.0
2024 Dec_sector 73,2.1246977315168465
2024 Dec_sector 74,10943.274349091762
2024 Dec_sector 75,250.17417735666268
2024 Dec_sector 76,25793.25668929342
2024 Dec_sector 77,72606.99839046784
2024 Dec_sector 78,24956.679540686808
2024 Dec_sector 79,25489.788840724734
2024 Dec_sector 80,14051.983677803111
2024 Dec_sector 81,6390.402815436296
2024 Dec_sector 82,43.17614648936973
2024 Dec_sector 83,68866.34670732543
2024 Dec_sector 84,3267.228450749324
2024 Dec_sector 85,136928.77842275932
2024 Dec_sector 86,54516.46246512498
2024 Dec_sector 87,84.26019402828302
2024 Dec_sector 88,3602.603736747275
2024 Dec_sector 89,2624.8759045234406
2024 Dec_sector 90,7537.437916145373
2024 Dec_sector 91,32846.92732894664
2024 Dec_sector 92,30572.36516298949
2024 Dec_sector 93,22328.15332976956
2024 Dec_sector 94,13362.739024779417
2024 Dec_sector 95,0.0
2024 Dec_sector 96,402.54401365381375
2025 Jan_sector 1,9145.188580749069
2025 Jan_sector 2,1996.3515270138619
2025 Jan_sector 3,9207.060732543307
2025 Jan_sector 4,81548.96136667546
2025 Jan_sector 5,1402.6563807936773
2025 Jan_sector 6,12405.830438357696
2025 Jan_sector 7,10531.907322057054
2025 Jan_sector 8,4364.639250057178
2025 Jan_sector 9,12604.464257856042
2025 Jan_sector 10,42069.678285767084
2025 Jan_sector 11,3483.4471328373716
2025 Jan_sector 12,43.13308511781389
2025 Jan_sector 13,2470.9875887620524
2025 Jan_sector 14,22187.609978379947
2025 Jan_sector 15,88036.71984438723
2025 Jan_sector 16,75265.99929277525
2025 Jan_sector 17,230.361803499611
2025 Jan_sector 18,24228.371678620457
2025 Jan_sector 19,4709.749326133151
2025 Jan_sector 20,7837.908277184048
2025 Jan_sector 21,22229.735574467257
2025 Jan_sector 22,22166.03217131549
2025 Jan_sector 23,19061.394237169363
2025 Jan_sector 24,73149.17786709178
2025 Jan_sector 25,23802.45435065549
2025 Jan_sector 26,8094.313160574671
2025 Jan_sector 27,1215.1918802810183
2025 Jan_sector 28,46666.440465329746
2025 Jan_sector 29,23826.504979861427
2025 Jan_sector 30,50559.344002433376
2025 Jan_sector 31,6569.032167093814
2025 Jan_sector 32,32843.05315781884
2025 Jan_sector 33,4193.200632802947
2025 Jan_sector 34,84086.98812852675
2025 Jan_sector 35,11972.299933563454
2025 Jan_sector 36,153539.05242647708
2025 Jan_sector 37,1389.7576683309953
2025 Jan_sector 38,45118.86659082265
2025 Jan_sector 39,1795.0190213044227
2025 Jan_sector 40,6550.339481453085
2025 Jan_sector 41,157.52283154072086
2025 Jan_sector 42,142.49027558198816
2025 Jan_sector 43,10871.655560359723
2025 Jan_sector 44,15603.170969800554
2025 Jan_sector 45,231605.49445539425
2025 Jan_sector 46,4216.455870005108
2025 Jan_sector 47,30651.867934318565
2025 Jan_sector 48,26030.155563479606
2025 Jan_sector 49,21.3732086130795
2025 Jan_sector 50,16769.234144822698
2025 Jan_sector 51,9842.737632539223
2025 Jan_sector 52,1309.259397515683
2025 Jan_sector 53,85.52870498608493
2025 Jan_sector 54,49003.124985951355
2025 Jan_sector 55,110033.13091400421
2025 Jan_sector 56,2196.8976460757503
2025 Jan_sector 57,27175.08000340021
2025 Jan_sector 58,0.0
2025 Jan_sector 59,32797.51039412657
2025 Jan_sector 60,7594.976867032395
2025 Jan_sector 61,99006.83645619338
2025 Jan_sector 62,8099.130295990433
2025 Jan_sector 63,7502.5468643024415
2025 Jan_sector 64,15205.95590261317
2025 Jan_sector 65,9727.90035642019
2025 Jan_sector 66,51603.01513762867
2025 Jan_sector 67,1151.4994295895249
2025 Jan_sector 68,15420.14805701032
2025 Jan_sector 69,1782.8625205661933
2025 Jan_sector 70,575.2981005392637
2025 Jan_sector 71,8497.039505771074
2025 Jan_sector 72,0.0
2025 Jan_sector 73,0.0
2025 Jan_sector 74,10935.040611999573
2025 Jan_sector 75,248.09289355193346
2025 Jan_sector 76,25859.811218700583
2025 Jan_sector 77,72486.08768919832
2025 Jan_sector 78,24998.573997320884
2025 Jan_sector 79,25352.26155350611
2025 Jan_sector 80,14022.62483533772
2025 Jan_sector 81,6383.266271475385
2025 Jan_sector 82,41.1348391646344
2025 Jan_sector 83,68557.71959895699
2025 Jan_sector 84,3264.40206498757
2025 Jan_sector 85,136592.9853187075
2025 Jan_sector 86,54530.90275467651
2025 Jan_sector 87,82.47757773047917
2025 Jan_sector 88,3610.226484861303
2025 Jan_sector 89,2623.828441697914
2025 Jan_sector 90,7541.751317541125
2025 Jan_sector 91,32797.13265594118
2025 Jan_sector 92,30551.808204374924
2025 Jan_sector 93,22350.30415135278
2025 Jan_sector 94,13338.063941102471
2025 Jan_sector 95,0.0
2025 Jan_sector 96,400.76748205616116
2025 Feb_sector 1,9138.43269562962
2025 Feb_sector 2,1992.4374402530664
2025 Feb_sector 3,9192.061782434925
2025 Feb_sector 4,81346.26450695662
2025 Feb_sector 5,1400.456354065496
2025 Feb_sector 6,12407.94653283482
2025 Feb_sector 7,10520.020817770052
2025 Feb_sector 8,4353.827547204897
2025 Feb_sector 9,12592.024776019292
2025 Feb_sector 10,42027.95241193823
2025 Feb_sector 11,3486.0984375398016
2025 Feb_sector 12,40.94350886214238
2025 Feb_sector 13,2466.925278705572
2025 Feb_sector 14,22169.819854618174
2025 Feb_sector 15,87860.68273329918
2025 Feb_sector 16,74955.24594678596
2025 Feb_sector 17,228.38493314947766
2025 Feb_sector 18,24177.488574451938
2025 Feb_sector 19,4704.47226653847
2025 Feb_sector 20,7839.383774429245
2025 Feb_sector 21,22237.29674541575
2025 Feb_sector 22,22166.967347187256
2025 Feb_sector 23,19036.744465845048
2025 Feb_sector 24,73128.5118706505
2025 Feb_sector 25,23719.98337750965
2025 Feb_sector 26,8088.384794675798
2025 Feb_sector 27,1215.978832857098
2025 Feb_sector 28,46587.42365476578
2025 Feb_sector 29,23736.977701644155
2025 Feb_sector 30,50556.33045129497
2025 Feb_sector 31,6577.764034351417
2025 Feb_sector 32,32835.37045117235
2025 Feb_sector 33,4192.275350756458
2025 Feb_sector 34,83797.2167757631
2025 Feb_sector 35,11970.820700415192
2025 Feb_sector 36,153575.49888598372
2025 Feb_sector 37,1388.6550781220978
2025 Feb_sector 38,45100.04255481117
2025 Feb_sector 39,1793.4116443709756
2025 Feb_sector 40,6539.172432111969
2025 Feb_sector 41,155.39649053137148
2025 Feb_sector 42,141.00888236517318
2025 Feb_sector 43,10863.695391386336
2025 Feb_sector 44,15612.993702101277
2025 Feb_sector 45,231030.90851084565
2025 Feb_sector 46,4214.491321172782
2025 Feb_sector 47,30646.798241305038
2025 Feb_sector 48,26014.110044945206
2025 Feb_sector 49,19.860463978735083
2025 Feb_sector 50,16790.722951029456
2025 Feb_sector 51,9829.957407494001
2025 Feb_sector 52,1305.6826465312743
2025 Feb_sector 53,83.34425509029086
2025 Feb_sector 54,48870.32526736226
2025 Feb_sector 55,109989.80062643946
2025 Feb_sector 56,2195.40356625912
2025 Feb_sector 57,27122.993588929774
2025 Feb_sector 58,0.0
2025 Feb_sector 59,32755.920817581107
2025 Feb_sector 60,7570.157210879855
2025 Feb_sector 61,98890.67668880199
2025 Feb_sector 62,8097.868164943569
2025 Feb_sector 63,7498.819212754281
2025 Feb_sector 64,15212.135603239321
2025 Feb_sector 65,9714.655747059423
2025 Feb_sector 66,51539.290882260895
2025 Feb_sector 67,1148.986892661574
2025 Feb_sector 68,15400.728207160028
2025 Feb_sector 69,1785.4725710015978
2025 Feb_sector 70,574.5921110862265
2025 Feb_sector 71,8488.735672933144
2025 Feb_sector 72,0.0
2025 Feb_sector 73,0.0
2025 Feb_sector 74,10926.980167167694
2025 Feb_sector 75,245.46626849614626
2025 Feb_sector 76,25834.19178956016
2025 Feb_sector 77,72485.33667296417
2025 Feb_sector 78,24987.345614202244
2025 Feb_sector 79,25336.325072798416
2025 Feb_sector 80,14007.147871185452
2025 Feb_sector 81,6378.041296913999
2025 Feb_sector 82,39.199420834281625
2025 Feb_sector 83,68410.28934054816
2025 Feb_sector 84,3265.349410259638
2025 Feb_sector 85,136028.0725870714
2025 Feb_sector 86,54431.320631153256
2025 Feb_sector 87,80.33783516904657
2025 Feb_sector 88,3608.722912912437
2025 Feb_sector 89,2622.430986919686
2025 Feb_sector 90,7524.81110469648
2025 Feb_sector 91,32747.540481756758
2025 Feb_sector 92,30520.14301716419
2025 Feb_sector 93,22346.342360542796
2025 Feb_sector 94,13337.193177969337
2025 Feb_sector 95,0.0
2025 Feb_sector 96,399.2103647459636
2025 Mar_sector 1,9147.910790513777
2025 Mar_sector 2,1994.3831631259548
2025 Mar_sector 3,9211.313366090064
2025 Mar_sector 4,81528.5568481052
2025 Mar_sector 5,1401.87538529329
2025 Mar_sector 6,12423.305855497192
2025 Mar_sector 7,10529.092941460112
2025 Mar_sector 8,4347.818376488014
2025 Mar_sector 9,12612.917768387239
2025 Mar_sector 10,42003.11182441717
2025 Mar_sector 11,3490.014386321673
2025 Mar_sector 12,39.68715828042227
2025 Mar_sector 13,2470.8105605986807
2025 Mar_sector 14,22161.34467662398
2025 Mar_sector 15,88265.12406953874
2025 Mar_sector 16,75311.03304706389
2025 Mar_sector 17,228.32240073743776
2025 Mar_sector 18,24227.342792435906
2025 Mar_sector 19,4708.828504223287
2025 Mar_sector 20,7837.281954761505
2025 Mar_sector 21,22229.760071572895
2025 Mar_sector 22,22202.189078247437
2025 Mar_sector 23,19106.042464856415
2025 Mar_sector 24,73154.88790801878
2025 Mar_sector 25,23857.924582643594
2025 Mar_sector 26,8100.732920927307
2025 Mar_sector 27,1215.2850128043633
2025 Mar_sector 28,46690.39097698222
2025 Mar_sector 29,23846.54375948065
2025 Mar_sector 30,50533.635572435254
2025 Mar_sector 31,6575.985920731725
2025 Mar_sector 32,32881.844496528276
2025 Mar_sector 33,4185.286786703226
2025 Mar_sector 34,84284.651474962
2025 Mar_sector 35,11958.194296589794
2025 Mar_sector 36,154600.31093729465
2025 Mar_sector 37,1385.8078826858268
2025 Mar_sector 38,45090.112890092816
2025 Mar_sector 39,1790.6530421689072
2025 Mar_sector 40,6548.673892244705
2025 Mar_sector 41,156.3028249244191
2025 Mar_sector 42,139.02507545686737
2025 Mar_sector 43,10861.992241272506
2025 Mar_sector 44,15590.886848664182
2025 Mar_sector 45,231514.7371733469
2025 Mar_sector 46,4207.287602122201
2025 Mar_sector 47,30631.743798731277
2025 Mar_sector 48,26009.525180839733
2025 Mar_sector 49,18.884648497489508
2025 Mar_sector 50,16780.658936131767
2025 Mar_sector 51,9846.664126157872
2025 Mar_sector 52,1306.747669904267
2025 Mar_sector 53,81.85111840218389
2025 Mar_sector 54,49056.3404714514
2025 Mar_sector 55,110280.80368081878
2025 Mar_sector 56,2197.024609531936
2025 Mar_sector 57,27132.850395551344
2025 Mar_sector 58,0.0
2025 Mar_sector 59,32851.321693465434
2025 Mar_sector 60,7589.774850096094
2025 Mar_sector 61,99193.51034737942
2025 Mar_sector 62,8090.513545329237
2025 Mar_sector 63,7498.232726812214
2025 Mar_sector 64,15233.53581621188
2025 Mar_sector 65,9699.526340979797
2025 Mar_sector 66,51718.888431406485
2025 Mar_sector 67,1147.5624218146743
2025 Mar_sector 68,15409.025383438822
2025 Mar_sector 69,1780.0162561404602
2025 Mar_sector 70,576.2355460555996
2025 Mar_sector 71,8481.343084789867
2025 Mar_sector 72,0.0
2025 Mar_sector 73,0.0
2025 Mar_sector 74,10946.58807086369
2025 Mar_sector 75,246.1019858499659
2025 Mar_sector 76,25822.291655544817
2025 Mar_sector 77,72695.01308544957
2025 Mar_sector 78,25001.279656701183
2025 Mar_sector 79,25378.49212399927
2025 Mar_sector 80,13990.591237838344
2025 Mar_sector 81,6389.669481443608
2025 Mar_sector 82,38.798776846585724
2025 Mar_sector 83,68774.70600596863
2025 Mar_sector 84,3265.220006992935
2025 Mar_sector 85,136947.24256113192
2025 Mar_sector 86,54479.07976518114
2025 Mar_sector 87,79.32983162400078
2025 Mar_sector 88,3599.749519669859
2025 Mar_sector 89,2614.5976230974507
2025 Mar_sector 90,7539.479205421666
2025 Mar_sector 91,32841.722470506786
2025 Mar_sector 92,30547.843085285374
2025 Mar_sector 93,22323.26779639364
2025 Mar_sector 94,13345.309273571631
2025 Mar_sector 95,0.0
2025 Mar_sector 96,397.5858898050913
2025 Apr_sector 1,9150.827144754796
2025 Apr_sector 2,1993.4659128836654
2025 Apr_sector 3,9197.090336944972
2025 Apr_sector 4,81535.92136154481
2025 Apr_sector 5,1397.8458109236233
2025 Apr_sector 6,12426.160875960686
2025 Apr_sector 7,10533.513433578528
2025 Apr_sector 8,4347.185646824798
2025 Apr_sector 9,12609.64914661849
2025 Apr_sector 10,41983.5439946592
2025 Apr_sector 11,3499.0604674950873
2025 Apr_sector 12,38.22967793520178
2025 Apr_sector 13,2467.6419713004198
2025 Apr_sector 14,22182.00206940207
2025 Apr_sector 15,88191.53578506173
2025 Apr_sector 16,75533.9108249975
2025 Apr_sector 17,226.4124925124692
2025 Apr_sector 18,24186.810493388726
2025 Apr_sector 19,4708.921557594115
2025 Apr_sector 20,7834.768322587527
2025 Apr_sector 21,22254.99705307284
2025 Apr_sector 22,22203.25665719449
2025 Apr_sector 23,19098.887423407046
2025 Apr_sector 24,73241.31263423993
2025 Apr_sector 25,23836.651089739218
2025 Apr_sector 26,8103.868324373772
2025 Apr_sector 27,1211.1740251466724
2025 Apr_sector 28,46706.973080986994
2025 Apr_sector 29,23869.058689520924
2025 Apr_sector 30,50511.723429403
2025 Apr_sector 31,6594.526324633182
2025 Apr_sector 32,32847.60329066151
2025 Apr_sector 33,4183.267232181532
2025 Apr_sector 34,84225.65089401566
2025 Apr_sector 35,11962.495041809234
2025 Apr_sector 36,154561.7549488566
2025 Apr_sector 37,1380.6443635959686
2025 Apr_sector 38,45050.20561144518
2025 Apr_sector 39,1792.9550850826543
2025 Apr_sector 40,6537.172427783275
2025 Apr_sector 41,154.25379003049164
2025 Apr_sector 42,138.32580959749728
2025 Apr_sector 43,10865.556007609623
2025 Apr_sector 44,15589.987852522345
2025 Apr_sector 45,231024.34400785147
2025 Apr_sector 46,4208.702252365886
2025 Apr_sector 47,30640.831499253727
2025 Apr_sector 48,26035.130165004826
2025 Apr_sector 49,16.979227738882543
2025 Apr_sector 50,16835.478269439176
2025 Apr_sector 51,9844.825652312678
2025 Apr_sector 52,1304.9648102184572
2025 Apr_sector 53,80.77622879072521
2025 Apr_sector 54,49012.2274480592
2025 Apr_sector 55,110296.25257026737
2025 Apr_sector 56,2196.0477292281644
2025 Apr_sector 57,27167.046002778017
2025 Apr_sector 58,0.0
2025 Apr_sector 59,32859.91677666364
2025 Apr_sector 60,7588.016694292898
2025 Apr_sector 61,99422.50982044122
2025 Apr_sector 62,8099.746305103292
2025 Apr_sector 63,7500.436927747529
2025 Apr_sector 64,15239.892703306436
2025 Apr_sector 65,9694.655252579209
2025 Apr_sector 66,51698.87276771738
2025 Apr_sector 67,1147.419753901642
2025 Apr_sector 68,15393.975808625182
2025 Apr_sector 69,1783.543149194659
2025 Apr_sector 70,575.1928292961908
2025 Apr_sector 71,8482.449605817892
2025 Apr_sector 72,0.0
2025 Apr_sector 73,0.0
2025 Apr_sector 74,10944.05740152929
2025 Apr_sector 75,245.0008863926056
2025 Apr_sector 76,25835.526687690373
2025 Apr_sector 77,72693.49880442844
2025 Apr_sector 78,24994.103197107277
2025 Apr_sector 79,25387.379272804734
2025 Apr_sector 80,13995.421595358948
2025 Apr_sector 81,6384.102303345714
2025 Apr_sector 82,37.47093103808817
2025 Apr_sector 83,68844.42457945447
2025 Apr_sector 84,3264.1467450387668
2025 Apr_sector 85,136583.48904294494
2025 Apr_sector 86,54549.15660581187
2025 Apr_sector 87,77.8497466177183
2025 Apr_sector 88,3603.664981675718
2025 Apr_sector 89,2614.6702318757707
2025 Apr_sector 90,7557.647712449878
2025 Apr_sector 91,32767.429334364257
2025 Apr_sector 92,30606.101004342272
2025 Apr_sector 93,22320.704026290416
2025 Apr_sector 94,13347.569453748338
2025 Apr_sector 95,0.0
2025 Apr_sector 96,396.93527112343065
2025 May_sector 1,9149.553331083642
2025 May_sector 2,1991.952605414557
2025 May_sector 3,9197.584493749771
2025 May_sector 4,81607.91415255918
2025 May_sector 5,1398.6874041070614
2025 May_sector 6,12421.21385050221
2025 May_sector 7,10539.866426464989
2025 May_sector 8,4355.5811518580385
2025 May_sector 9,12588.260774575258
2025 May_sector 10,41991.67956130198
2025 May_sector 11,3487.65441113203
2025 May_sector 12,37.16818987582627
2025 May_sector 13,2466.2931941234015
2025 May_sector 14,22213.880622811135
2025 May_sector 15,88288.66179513295
2025 May_sector 16,75331.33079152156
2025 May_sector 17,223.82970772127192
2025 May_sector 18,24163.66388638978
2025 May_sector 19,4706.728710812113
2025 May_sector 20,7832.987288311763
2025 May_sector 21,22273.351021761664
2025 May_sector 22,22197.73328893769
2025 May_sector 23,19099.742768012828
2025 May_sector 24,73202.85010679622
2025 May_sector 25,23752.11034498992
2025 May_sector 26,8098.350797429112
2025 May_sector 27,1207.0058413075596
2025 May_sector 28,46765.43739307302
2025 May_sector 29,23855.836471856714
2025 May_sector 30,50594.80303086901
2025 May_sector 31,6596.686228951396
2025 May_sector 32,32876.389842841694
2025 May_sector 33,4188.292786882989
2025 May_sector 34,84192.5156432484
2025 May_sector 35,11965.236156685896
2025 May_sector 36,154735.65137734846
2025 May_sector 37,1381.3001300367866
2025 May_sector 38,45065.59608777232
2025 May_sector 39,1791.594625281346
2025 May_sector 40,6538.655226668655
2025 May_sector 41,153.25673894571815
2025 May_sector 42,136.43871899809602
2025 May_sector 43,10865.230433610042
2025 May_sector 44,15610.000753860411
2025 May_sector 45,231477.45515688503
2025 May_sector 46,4203.521574421601
2025 May_sector 47,30639.46519814027
2025 May_sector 48,26014.335659696357
2025 May_sector 49,15.930350220570574
2025 May_sector 50,16833.138416301517
2025 May_sector 51,9846.451076569603
2025 May_sector 52,1303.0141345024751
2025 May_sector 53,79.51630344766625
2025 May_sector 54,48976.44024157799
2025 May_sector 55,110536.02342292496
2025 May_sector 56,2189.852610074659
2025 May_sector 57,27144.140836681072
2025 May_sector 58,0.0
2025 May_sector 59,32856.291834854026
2025 May_sector 60,7591.692905888809
2025 May_sector 61,99489.20648844392
2025 May_sector 62,8096.712309372377
2025 May_sector 63,7500.837623558005
2025 May_sector 64,15241.066399424131
2025 May_sector 65,9688.441635937244
2025 May_sector 66,51640.514731107025
2025 May_sector 67,1151.1319869224487
2025 May_sector 68,15408.89216511654
2025 May_sector 69,1785.2469443895327
2025 May_sector 70,575.708221704519
2025 May_sector 71,8475.965341713198
2025 May_sector 72,0.0
2025 May_sector 73,0.0
2025 May_sector 74,10941.229798827506
2025 May_sector 75,243.85649429366896
2025 May_sector 76,25828.110734298516
2025 May_sector 77,72536.72244658724
2025 May_sector 78,24984.313723880412
2025 May_sector 79,25312.021070747727
2025 May_sector 80,14000.335678353635
2025 May_sector 81,6380.496832576591
2025 May_sector 82,36.00697048720656
2025 May_sector 83,68816.7879505199
2025 May_sector 84,3264.1750571999855
2025 May_sector 85,136636.10425446957
2025 May_sector 86,54491.99798529533
2025 May_sector 87,75.56299770063092
2025 May_sector 88,3595.881999170736
2025 May_sector 89,2613.451180505978
2025 May_sector 90,7548.9880463471
2025 May_sector 91,32770.120798087686
2025 May_sector 92,30621.022228593753
2025 May_sector 93,22332.29375551507
2025 May_sector 94,13347.059878416183
2025 May_sector 95,0.0
2025 May_sector 96,395.5230913708364
2025 Jun_sector 1,9146.662447500285
2025 Jun_sector 2,1993.6546968933883
2025 Jun_sector 3,9190.849053222833
2025 Jun_sector 4,81561.5697479275
2025 Jun_sector 5,1397.8749324013768
2025 Jun_sector 6,12424.453424015266
2025 Jun_sector 7,10552.856123500447
2025 Jun_sector 8,4357.382302255332
2025 Jun_sector 9,12617.782358533725
2025 Jun_sector 10,41996.719232507785
2025 Jun_sector 11,3485.6214702700026
2025 Jun_sector 12,36.336414458911804
2025 Jun_sector 13,2464.3802435483576
2025 Jun_sector 14,22205.1542683947
2025 Jun_sector 15,88369.01155672308
2025 Jun_sector 16,75525.9054650075
2025 Jun_sector 17,223.9516329943179
2025 Jun_sector 18,24185.941269736144
2025 Jun_sector 19,4704.448244347932
2025 Jun_sector 20,7828.956862084075
2025 Jun_sector 21,22245.640402873247
2025 Jun_sector 22,22218.577603704423
2025 Jun_sector 23,19105.927336399098
2025 Jun_sector 24,73208.049440534
2025 Jun_sector 25,23861.880848751498
2025 Jun_sector 26,8112.19916734992
2025 Jun_sector 27,1207.9791074022712
2025 Jun_sector 28,46717.04463498241
2025 Jun_sector 29,23875.35870297458
2025 Jun_sector 30,50701.78528163327
2025 Jun_sector 31,6600.995736139052
2025 Jun_sector 32,32919.993856830275
2025 Jun_sector 33,4187.3597164203065
2025 Jun_sector 34,84350.11870506316
2025 Jun_sector 35,11962.70451379947
2025 Jun_sector 36,154816.88122996848
2025 Jun_sector 37,1380.582336265456
2025 Jun_sector 38,45135.310767050054
2025 Jun_sector 39,1789.5844411978844
2025 Jun_sector 40,6530.050079479232
2025 Jun_sector 41,151.86302625808304
2025 Jun_sector 42,135.08997224457883
2025 Jun_sector 43,10867.713557200292
2025 Jun_sector 44,15645.927336586117
2025 Jun_sector 45,231952.93463722672
2025 Jun_sector 46,4206.5367441930775
2025 Jun_sector 47,30657.110420955476
2025 Jun_sector 48,26006.555597847448
2025 Jun_sector 49,14.971647958500455
2025 Jun_sector 50,16815.955789002845
2025 Jun_sector 51,9846.598648853787
2025 Jun_sector 52,1302.7367513280938
2025 Jun_sector 53,78.5489304878806
2025 Jun_sector 54,49114.02707377513
2025 Jun_sector 55,110795.57685271438
2025 Jun_sector 56,2182.906638922486
2025 Jun_sector 57,27183.336607104055
2025 Jun_sector 58,0.0
2025 Jun_sector 59,32860.22555096034
2025 Jun_sector 60,7591.1843041086795
2025 Jun_sector 61,99493.01169568303
2025 Jun_sector 62,8102.676855001179
2025 Jun_sector 63,7496.962478878178
2025 Jun_sector 64,15257.74975283942
2025 Jun_sector 65,9702.931576642
2025 Jun_sector 66,51841.75239464662
2025 Jun_sector 67,1152.2921750058076
2025 Jun_sector 68,15399.702399936583
2025 Jun_sector 69,1779.8670533622949
2025 Jun_sector 70,575.0199387289219
2025 Jun_sector 71,8486.464692670743
2025 Jun_sector 72,0.0
2025 Jun_sector 73,0.0
2025 Jun_sector 74,10952.357090840662
2025 Jun_sector 75,241.6811106011003
2025 Jun_sector 76,25857.625503392814
2025 Jun_sector 77,72620.67824487503
2025 Jun_sector 78,24984.166309901262
2025 Jun_sector 79,25463.97947792616
2025 Jun_sector 80,14013.619388100404
2025 Jun_sector 81,6381.29863182104
2025 Jun_sector 82,34.62497084736265
2025 Jun_sector 83,68910.46369221732
2025 Jun_sector 84,3259.9355606750996
2025 Jun_sector 85,136650.77430229879
2025 Jun_sector 86,54572.22313222637
2025 Jun_sector 87,76.0578390341982
2025 Jun_sector 88,3594.686799825536
2025 Jun_sector 89,2615.6166827483303
2025 Jun_sector 90,7541.062925246584
2025 Jun_sector 91,32782.77364612277
2025 Jun_sector 92,30575.18017680656
2025 Jun_sector 93,22335.993819135576
2025 Jun_sector 94,13334.032371156813
2025 Jun_sector 95,0.0
2025 Jun_sector 96,394.0461095616311
2025 Jul_sector 1,9154.992724547903
2025 Jul_sector 2,1981.186251883918
2025 Jul_sector 3,9188.103228891083
2025 Jul_sector 4,81575.02480283052
2025 Jul_sector 5,1394.1987574164962
2025 Jul_sector 6,12376.71586643695
2025 Jul_sector 7,10542.585715573623
2025 Jul_sector 8,4325.392922220542
2025 Jul_sector 9,12622.023717079686
2025 Jul_sector 10,41980.971620892786
2025 Jul_sector 11,3478.5304398662233
2025 Jul_sector 12,34.87033947472764
2025 Jul_sector 13,2457.683988490393
2025 Jul_sector 14,22190.822201422896
2025 Jul_sector 15,88326.89626208456
2025 Jul_sector 16,75504.89677825371
2025 Jul_sector 17,222.38989131200532
2025 Jul_sector 18,24171.194469602033
2025 Jul_sector 19,4692.621613510418
2025 Jul_sector 20,7828.250629243032
2025 Jul_sector 21,22232.054076751985
2025 Jul_sector 22,22156.564852795207
2025 Jul_sector 23,19080.81220720721
2025 Jul_sector 24,73132.05453545315
2025 Jul_sector 25,23796.363310555145
2025 Jul_sector 26,8085.006478138382
2025 Jul_sector 27,1214.0435638075578
2025 Jul_sector 28,46705.51445073627
2025 Jul_sector 29,23850.631047488325
2025 Jul_sector 30,50707.98542685193
2025 Jul_sector 31,6590.627973009808
2025 Jul_sector 32,32670.593759406314
2025 Jul_sector 33,4175.990168258157
2025 Jul_sector 34,84192.7036970941
2025 Jul_sector 35,11996.853390528979
2025 Jul_sector 36,154518.70617613188
2025 Jul_sector 37,1378.8271011183328
2025 Jul_sector 38,45069.125372165094
2025 Jul_sector 39,1786.444449990334
2025 Jul_sector 40,6515.440550180531
2025 Jul_sector 41,150.8169020665895
2025 Jul_sector 42,135.3659925489559
2025 Jul_sector 43,10856.165849017712
2025 Jul_sector 44,15604.685318113292
2025 Jul_sector 45,234649.0317658644
2025 Jul_sector 46,4184.5340608225715
2025 Jul_sector 47,30669.414737365893
2025 Jul_sector 48,25996.232618111317
2025 Jul_sector 49,12.96742688118718
2025 Jul_sector 50,16811.462438787647
2025 Jul_sector 51,9826.044610895297
2025 Jul_sector 52,1300.5464601201543
2025 Jul_sector 53,76.81639127232171
2025 Jul_sector 54,49018.3274757244
2025 Jul_sector 55,110815.44177414477
2025 Jul_sector 56,2182.9210779673595
2025 Jul_sector 57,27195.04900388376
2025 Jul_sector 58,0.0
2025 Jul_sector 59,32866.20762052558
2025 Jul_sector 60,7588.028127598726
2025 Jul_sector 61,99433.06871637727
2025 Jul_sector 62,8094.699162091357
2025 Jul_sector 63,7509.754058076712
2025 Jul_sector 64,15236.86276008865
2025 Jul_sector 65,9697.098618841499
2025 Jul_sector 66,51792.10180734075
2025 Jul_sector 67,1142.5859404770101
2025 Jul_sector 68,15330.100810998694
2025 Jul_sector 69,1776.9085079132556
2025 Jul_sector 70,572.7963642111552
2025 Jul_sector 71,8479.07794583961
2025 Jul_sector 72,0.0
2025 Jul_sector 73,0.0
2025 Jul_sector 74,10942.310599879405
2025 Jul_sector 75,240.15405170965
2025 Jul_sector 76,25781.19639410918
2025 Jul_sector 77,72589.17856150841
2025 Jul_sector 78,24922.930453507357
2025 Jul_sector 79,25365.785639589427
2025 Jul_sector 80,13991.850357215706
2025 Jul_sector 81,6377.930220969811
2025 Jul_sector 82,33.00142382326351
2025 Jul_sector 83,68849.6250450493
2025 Jul_sector 84,3262.552304280671
2025 Jul_sector 85,136374.4846979663
2025 Jul_sector 86,54425.155035170545
2025 Jul_sector 87,74.6836278105479
2025 Jul_sector 88,3595.747807296429
2025 Jul_sector 89,2607.850980791778
2025 Jul_sector 90,7546.39368850763
2025 Jul_sector 91,32783.397285346786
2025 Jul_sector 92,30439.660353861844
2025 Jul_sector 93,22328.813465333576
2025 Jul_sector 94,13321.849907054453
2025 Jul_sector 95,0.0
2025 Jul_sector 96,391.5992873953141
